<?xml version="1.0" encoding="UTF-8"?>

<faces-config
    xmlns="http://java.sun.com/xml/ns/javaee"
    xmlns:xsi="http://www.w3.org/2001/XMLSchema-instance"
    xsi:schemaLocation="http://java.sun.com/xml/ns/javaee http://java.sun.com/xml/ns/javaee/web-facesconfig_1_2.xsd"
    version="1.2">

<managed-bean>
		<managed-bean-name>AdminBean</managed-bean-name>
		<managed-bean-class>com.online_admin.AdminBean</managed-bean-class>
		<managed-bean-scope>session</managed-bean-scope>
	</managed-bean>
	
	<navigation-rule>
		<from-view-id>/Login.jsp</from-view-id>

		<navigation-case>
			<from-outcome>Successful</from-outcome>
			<to-view-id>/Adminn.jsp</to-view-id>
		</navigation-case>
		
		<navigation-case>
			<from-outcome>Fail</from-outcome>
				<to-view-id>/Fail.jsp</to-view-id>
		</navigation-case>

	</navigation-rule>
	
	
	<managed-bean>
		<managed-bean-name>CustomerBean</managed-bean-name>
		<managed-bean-class>com.online_customers.CustomerBean</managed-bean-class>
		<managed-bean-scope>session</managed-bean-scope>
	</managed-bean>

	<navigation-rule>
		<from-view-id>/Adminn.jsp</from-view-id>

		<navigation-case>
			<from-outcome>Successful</from-outcome>
			<to-view-id>/SuccessAddDetails.jsp</to-view-id>
		</navigation-case>
		
		<navigation-case>
			<from-outcome>Fail</from-outcome>
				<to-view-id>/FailCustomer.jsp</to-view-id>
		</navigation-case>

	</navigation-rule>
	
	<managed-bean>
		<managed-bean-name>ProductBean</managed-bean-name>
		<managed-bean-class>com.online_product.ProductBean</managed-bean-class>
		<managed-bean-scope>session</managed-bean-scope>
	</managed-bean>

	<navigation-rule>
		<from-view-id>/Adminn.jsp</from-view-id>

		<navigation-case>
			<from-outcome>Successful</from-outcome>
			<to-view-id>/SuccessProduct.jsp</to-view-id>
		</navigation-case>
		
		<navigation-case>
			<from-outcome>Fail</from-outcome>
				<to-view-id>/FailProduct.jsp</to-view-id>
		</navigation-case>

	</navigation-rule>
	
	<managed-bean>
		<managed-bean-name>OrderBean</managed-bean-name>
		<managed-bean-class>com.online_orders.OrderBean</managed-bean-class>
		<managed-bean-scope>session</managed-bean-scope>
	</managed-bean>

	<navigation-rule>
		<from-view-id>/Adminn.jsp</from-view-id>

		<navigation-case>
			<from-outcome>Successful</from-outcome>
			<to-view-id>/SuccessOrder.jsp</to-view-id>
		</navigation-case>
		
		<navigation-case>
			<from-outcome>Fail</from-outcome>
				<to-view-id>/FailOrder.jsp</to-view-id>
		</navigation-case>

	</navigation-rule>
	
		<managed-bean>
		<managed-bean-name>TransactionBean</managed-bean-name>
		<managed-bean-class>com.online_transaction.TransactionBean</managed-bean-class>
		<managed-bean-scope>session</managed-bean-scope>
	</managed-bean>

	<navigation-rule>
		<from-view-id>/Adminn.jsp</from-view-id>

		<navigation-case>
			<from-outcome>Successful</from-outcome>
			<to-view-id>/SuccessTransaction.jsp</to-view-id>
		</navigation-case>
		
		<navigation-case>
			<from-outcome>Fail</from-outcome>
				<to-view-id>/FailTransaction.jsp</to-view-id>
		</navigation-case>

	</navigation-rule>
	
</faces-config>
