<?xml version="1.0" encoding="UTF-8"?>

<faces-config
    xmlns="http://java.sun.com/xml/ns/javaee"
    xmlns:xsi="http://www.w3.org/2001/XMLSchema-instance"
    xsi:schemaLocation="http://java.sun.com/xml/ns/javaee http://java.sun.com/xml/ns/javaee/web-facesconfig_1_2.xsd"
    version="1.2">

<managed-bean>
		<managed-bean-name>AdminBean</managed-bean-name>
		<managed-bean-class>com.online_admin.AdminBean</managed-bean-class>
		<managed-bean-scope>session</managed-bean-scope>
	</managed-bean>
	
	<navigation-rule>
		<from-view-id>/Login1.jsp</from-view-id>

		<navigation-case>
			<from-outcome>Successful</from-outcome>
			<to-view-id>/Successful.jsp</to-view-id>
		</navigation-case>
		
		<navigation-case>
			<from-outcome>Fail</from-outcome>
				<to-view-id>/Fail.jsp</to-view-id>
		</navigation-case>

	</navigation-rule>
	
	<navigation-rule>
		<from-view-id>/Successful.jsp</from-view-id>

	
		
		<navigation-case>
			<from-outcome>loggedout</from-outcome>
				<to-view-id>/loggedout.jsp</to-view-id>
		</navigation-case>

	</navigation-rule>
</faces-config>
