<?xml version="1.0" encoding="UTF-8"?>

<faces-config xmlns="http://java.sun.com/xml/ns/javaee"
	xmlns:xsi="http://www.w3.org/2001/XMLSchema-instance"
	xsi:schemaLocation="http://java.sun.com/xml/ns/javaee http://java.sun.com/xml/ns/javaee/web-facesconfig_1_2.xsd"
	version="1.2">

	<!--Managed Bean - Admin Bean: Login to Admin page, failed page, and Logout 
		page -->

	<managed-bean>
		<managed-bean-name>AdminBean</managed-bean-name>
		<managed-bean-class>com.online_admin.AdminBean</managed-bean-class>
		<managed-bean-scope>session</managed-bean-scope>
	</managed-bean>

	<navigation-rule>
		<from-view-id>/Login.jsp</from-view-id>

		<navigation-case>
			<from-outcome>Successful</from-outcome>
			<to-view-id>/AdminPage2.jsp</to-view-id>
		</navigation-case>

		<navigation-case>
			<from-outcome>Fail</from-outcome>
			<to-view-id>/Fail.jsp</to-view-id>
		</navigation-case>

		<navigation-case>
			<from-outcome>notfound</from-outcome>
			<to-view-id>/notfound.jsp</to-view-id>
		</navigation-case>

	</navigation-rule>

	<navigation-rule>
		<from-view-id>/AdminPage2.jsp</from-view-id>

		<navigation-case>
			<from-outcome>ReadProduct</from-outcome>
			<to-view-id>/Product/ViewAllProducts.jsp</to-view-id>
		</navigation-case>

		<navigation-case>
			<from-outcome>ReadCustomers</from-outcome>
			<to-view-id>/Customer/ViewAllCustomers.jsp</to-view-id>
		</navigation-case>

		<navigation-case>
			<from-outcome>ReadOrder</from-outcome>
			<to-view-id>/Order/ViewAllOrders.jsp</to-view-id>
		</navigation-case>

		<navigation-case>
			<from-outcome>LogOut</from-outcome>
			<to-view-id>/loggedout.jsp</to-view-id>
		</navigation-case>

	</navigation-rule>


	<!--Next Managed Bean - Customer Bean: Add, Update, Delete, Search, Read 
		all Data -->

	<managed-bean>
		<managed-bean-name>CustomerBean</managed-bean-name>
		<managed-bean-class>com.online_customers.CustomerBean</managed-bean-class>
		<managed-bean-scope>session</managed-bean-scope>
	</managed-bean>

	<navigation-rule>
		<from-view-id>/CustomerShopping/LoginCustomer.jsp</from-view-id>

		<navigation-case>
			<from-outcome>Successful</from-outcome>
			<to-view-id>/CustomerShopping/CustomerPage.jsp</to-view-id>
		</navigation-case>

		<navigation-case>
			<from-outcome>Fail</from-outcome>
			<to-view-id>/CustomerShopping/Fail.jsp</to-view-id>
		</navigation-case>

		<navigation-case>
			<from-outcome>notfound</from-outcome>
			<to-view-id>/CustomerShopping/notfound.jsp</to-view-id>
		</navigation-case>

	</navigation-rule>

	<navigation-rule>
		<from-view-id>/CustomerShopping/LoginCustomer.jsp</from-view-id>

		<navigation-case>
			<from-outcome>LogOut</from-outcome>
			<to-view-id>/CustomerShopping/loggedout.jsp</to-view-id>
		</navigation-case>
	</navigation-rule>

	<navigation-rule>
		<from-view-id>/CustomerShopping/registration.jsp</from-view-id>

		<navigation-case>
			<from-outcome>SuccessAddCustomer</from-outcome>
			<to-view-id>/CustomerShopping/SuccessAddCustomer.jsp</to-view-id>
		</navigation-case>

		<navigation-case>
			<from-outcome>FailAdd</from-outcome>
			<to-view-id>/CustomerShopping/FailAdd.jsp</to-view-id>
		</navigation-case>

		<navigation-case>
			<from-outcome>FailPassword</from-outcome>
			<to-view-id>/CustomerShopping/FailPassword.jsp</to-view-id>
		</navigation-case>

	</navigation-rule>

	<navigation-rule>
		<from-view-id>/CustomerShopping/CustomerPage.jsp</from-view-id>

		<navigation-case>
			<from-outcome>LogOut</from-outcome>
			<to-view-id>/loggedout.jsp</to-view-id>
		</navigation-case>
	</navigation-rule>

	<navigation-rule>
		<from-view-id>/Customer/AddUpdateCustomer.jsp</from-view-id>

		<navigation-case>
			<from-outcome>SuccessAddCustomer</from-outcome>
			<to-view-id>/Customer/SuccessAddCustomer.jsp</to-view-id>
		</navigation-case>

		<navigation-case>
			<from-outcome>FailAdd</from-outcome>
			<to-view-id>/Fail/FailAdd.jsp</to-view-id>
		</navigation-case>

		<navigation-case>
			<from-outcome>SuccessUpdateCustomer</from-outcome>
			<to-view-id>/Customer/SuccessAddCustomer.jsp</to-view-id>
		</navigation-case>

		<navigation-case>
			<from-outcome>FailUpdate</from-outcome>
			<to-view-id>/Fail/FailAdd.jsp</to-view-id>
		</navigation-case>

	</navigation-rule>

	<navigation-rule>
		<from-view-id>/Customer/SearchDeleteCustomer.jsp</from-view-id>

		<navigation-case>
			<from-outcome>SuccessDeleteCustomer</from-outcome>
			<to-view-id>/Customer/SuccessDeleteCustomer.jsp</to-view-id>
		</navigation-case>

		<navigation-case>
			<from-outcome>FailDelete</from-outcome>
			<to-view-id>/Fail/FailSearch.jsp</to-view-id>
		</navigation-case>

		<navigation-case>
			<from-outcome>SuccessSearchCustomer</from-outcome>
			<to-view-id>/Customer/SuccessSearchCustomer.jsp</to-view-id>
		</navigation-case>

		<navigation-case>
			<from-outcome>FailSearch</from-outcome>
			<to-view-id>/Fail/FailSearch.jsp</to-view-id>
		</navigation-case>

	</navigation-rule>

	<!--Next Managed Bean - Product Bean: Add, Update, Delete, Search, Read 
		all Data -->
	<managed-bean>
		<managed-bean-name>ProductBean</managed-bean-name>
		<managed-bean-class>com.online_product.ProductBean</managed-bean-class>
		<managed-bean-scope>session</managed-bean-scope>
	</managed-bean>

	<navigation-rule>
		<from-view-id>/Product/AddUpdateProduct.jsp</from-view-id>

		<navigation-case>
			<from-outcome>SuccessAddProduct</from-outcome>
			<to-view-id>/Product/SuccessAddProduct.jsp</to-view-id>
		</navigation-case>

		<navigation-case>
			<from-outcome>FailAdd</from-outcome>
			<to-view-id>/Fail/FailAdd.jsp</to-view-id>
		</navigation-case>

		<navigation-case>
			<from-outcome>SuccessUpdateProduct</from-outcome>
			<to-view-id>/Product/SuccessAddProduct.jsp</to-view-id>
		</navigation-case>

		<navigation-case>
			<from-outcome>FailUpdate</from-outcome>
			<to-view-id>/Fail/FailAdd.jsp</to-view-id>
		</navigation-case>

	</navigation-rule>

	<navigation-rule>
		<from-view-id>/Product/SearchDeleteProduct.jsp</from-view-id>

		<navigation-case>
			<from-outcome>SuccessDeleteProduct</from-outcome>
			<to-view-id>/Product/SuccessDeleteProduct.jsp</to-view-id>
		</navigation-case>

		<navigation-case>
			<from-outcome>FailDelete</from-outcome>
			<to-view-id>/Fail/FailSearch.jsp</to-view-id>
		</navigation-case>

		<navigation-case>
			<from-outcome>SuccessSearchProduct</from-outcome>
			<to-view-id>/Product/SuccessSearchProduct.jsp</to-view-id>
		</navigation-case>

		<navigation-case>
			<from-outcome>FailSearch</from-outcome>
			<to-view-id>/Fail/FailSearch.jsp</to-view-id>
		</navigation-case>

	</navigation-rule>

	<navigation-rule>
		<from-view-id>/CustomerShopping/CustomerPage.jsp</from-view-id>

		<navigation-case>
			<from-outcome>ReadProduct</from-outcome>
			<to-view-id>/CustomerShopping/ViewAllProducts.jsp</to-view-id>
		</navigation-case>

		<navigation-case>
			<from-outcome>FailSearch</from-outcome>
			<to-view-id>/Fail/FailSearch.jsp</to-view-id>
		</navigation-case>
	</navigation-rule>

	<navigation-rule>
		<from-view-id>/CustomerShopping/ViewAllProducts.jsp</from-view-id>

		<navigation-case>
			<from-outcome>Cart</from-outcome>
			<to-view-id>/CustomerShopping/Cart.jsp</to-view-id>
		</navigation-case>

		<navigation-case>
			<from-outcome>FailSearch</from-outcome>
			<to-view-id>/Fail/FailSearch.jsp</to-view-id>
		</navigation-case>
	</navigation-rule>


	<navigation-rule>
		<from-view-id>/CustomerShopping/Cart.jsp</from-view-id>

		<navigation-case>
			<from-outcome>CheckoutProduct</from-outcome>
			<to-view-id>/CustomerShopping/CheckoutProduct.jsp</to-view-id>
		</navigation-case>

		<navigation-case>
			<from-outcome>FailSearch</from-outcome>
			<to-view-id>/Fail/FailSearch.jsp</to-view-id>
		</navigation-case>
	</navigation-rule>


	<managed-bean>
		<managed-bean-name>OrderBean</managed-bean-name>
		<managed-bean-class>com.online_orders.OrderBean</managed-bean-class>
		<managed-bean-scope>session</managed-bean-scope>

		<managed-property>
			<property-name>sum</property-name>
			<property-class>java.lang.Float</property-class>
			<value>#{sum}</value>
		</managed-property>
	</managed-bean>


	<navigation-rule>
		<from-view-id>/Order/AddUpdateOrder.jsp</from-view-id>

		<navigation-case>
			<from-outcome>SuccessAddOrder</from-outcome>
			<to-view-id>/CustomerShopping/SuccessAddOrder.jsp</to-view-id>
		</navigation-case>

		<navigation-case>
			<from-outcome>FailAdd.jsp</from-outcome>
			<to-view-id>/Fail/FailAdd.jsp</to-view-id>
		</navigation-case>

		<navigation-case>
			<from-outcome>SuccessUpdateOrder</from-outcome>
			<to-view-id>/Order/SuccessAddOrder.jsp</to-view-id>
		</navigation-case>

		<navigation-case>
			<from-outcome>FailUpdate</from-outcome>
			<to-view-id>/Fail/FailAdd.jsp</to-view-id>
		</navigation-case>

	</navigation-rule>

	<navigation-rule>
		<from-view-id>/CustomerShopping/Cart.jsp</from-view-id>

		<navigation-case>
			<from-outcome>SuccessAddOrder</from-outcome>
			<to-view-id>/CustomerShopping/SuccessAddOrder.jsp</to-view-id>
		</navigation-case>

		<navigation-case>
			<from-outcome>FailAdd.jsp</from-outcome>
			<to-view-id>/Fail/FailAdd.jsp</to-view-id>
		</navigation-case>
	</navigation-rule>

	<navigation-rule>
		<from-view-id>/Order/SearchDeleteOrder.jsp</from-view-id>

		<navigation-case>
			<from-outcome>SuccessDeleteOrder</from-outcome>
			<to-view-id>/Order/SuccessDeleteOrder.jsp</to-view-id>
		</navigation-case>

		<navigation-case>
			<from-outcome>FailDelete</from-outcome>
			<to-view-id>/Fail/FailSearch.jsp</to-view-id>
		</navigation-case>

		<navigation-case>
			<from-outcome>SuccessSearchOrder</from-outcome>
			<to-view-id>/Order/SuccessSearchOrder.jsp</to-view-id>
		</navigation-case>

		<navigation-case>
			<from-outcome>FailSearch</from-outcome>
			<to-view-id>/Fail/FailSearch.jsp</to-view-id>
		</navigation-case>

	</navigation-rule>


<!-- <managed-bean>
		<managed-bean-name>ProductListBean</managed-bean-name>
		<managed-bean-class>com.online_product.ProductListBean</managed-bean-class>
		<managed-bean-scope>session</managed-bean-scope>
	</managed-bean>
-->
	

</faces-config>
